id,title,author,image,price,category,stock,description,created_at,updated_at,sales_count
B001,Java Programming for Beginners,Mark Lassoff,https://books.google.com/books/content?id=3RhKDwAAQBAJ&printsec=frontcover&img=1&zoom=1&fife=w800,158043,Computers,30,"Java Programming for Beginners is an introduction to Java programming, taking you through the Java syntax and the fundamentals of object-oriented programming. About This Book Learn the basics of Java ",2026-04-06 16:04:27,2026-04-06 16:04:27,240
B002,Java Programming,Unknown,https://books.google.com/books/content?id=dfFkof6ywn0C&printsec=frontcover&img=1&zoom=1&fife=w800,180039,General,49,,2026-04-06 16:04:27,2026-04-06 16:04:27,206
B003,Internet & Java Programming,Harish Kumar Taluja,https://books.google.com/books/content?id=JnQftiYLghcC&printsec=frontcover&img=1&zoom=1&fife=w800,187075,General,13,,2026-04-06 16:04:27,2026-04-06 16:04:27,231
B004,"Introduction to Java Programming, 2nd Edition",Prof. Sham Tickoo,https://books.google.com/books/content?id=NtkDEAAAQBAJ&printsec=frontcover&img=1&zoom=1&fife=w800,109720,Computers,15,Introduction to Java Programming is a book for software developers to familiarize them with the concept of object-oriented programming (OOP). The book enables the reader to understand the basic featur,2026-04-06 16:04:27,2026-04-06 16:04:27,132
B005,"Introduction to Java Programming, Comprehensive Version 2014-2015",Harry Hariom Choudhary,https://books.google.com/books/content?id=n8-YAgAAQBAJ&printsec=frontcover&img=1&zoom=1&fife=w800,154862,Computers,65,"Made Java Skills Easy !! @_@ _______________________ Introduction to Java Programming, Comprehensive Version (8Th & 10th Best Selling Edition) Easy Standard Special Beginner’s To Expert Edition for St",2026-04-06 16:04:27,2026-04-06 16:04:27,264
B006,Introduction to Java Programming,K. Somasundaram,https://books.google.com/books/content?id=wVJ7AgAAQBAJ&printsec=frontcover&img=1&zoom=1&fife=w800,130648,Computers,25,"This book is intended for a one-semester, beginner’s level course on Java programming. It includes the new features included in JDK1.7. Each of its 16 chapters provide review questions for the readers",2026-04-06 16:04:27,2026-04-06 16:04:27,86
B007,Teach Yourself Java Programming in 31 Days :,Harry. H. Chaudhary.,https://books.google.com/books/content?id=cy1MBAAAQBAJ&printsec=frontcover&img=1&zoom=1&fife=w800,142763,Computers,81,"Essential Java Skills--Made Easy! What Special – In this book I covered and explained several topics of latest Java 8 Features in detail for Developers & Fresher’s, Topics Like– Lambdas. || Java 8 Fun",2026-04-06 16:04:27,2026-04-06 16:04:27,156
B008,Java Programming For Dummies,"Donald Koosis, David Koosis",https://books.google.com/books/content?id=ea5EKQAACAAJ&printsec=frontcover&img=1&zoom=1&fife=w800,126062,Computers,30,"Java Programming ""Cheat Sheet"" Inside! Everything You Need to Create Java 2 Applets! If you want to use Java 2 — and not just read about it — this is the book for you. Find out how to add oomph and in",2026-04-06 16:04:27,2026-04-06 16:04:27,262
B009,Java Programming for Spatial Sciences,Jo Wood,https://books.google.com/books/content?id=cUIJtNaCww4C&printsec=frontcover&img=1&zoom=1&fife=w800,187993,Computers,37,The Java programming language has been one of the most exciting internet-friendly technologies to emerge in the last decade. Java Programming for Spatial Sciences introduces the subject to those who w,2026-04-06 16:04:27,2026-04-06 16:04:27,275
B010,Java Programming for Beginners,Martin Laredo,https://books.google.com/books/content?id=ilpJMQAACAAJ&printsec=frontcover&img=1&zoom=1&fife=w800,179861,General,67,"Java Programming For BeginnersJava is one of the more simpler programming languages to use because you are not going to need to have several windows open just to create one line of code. Instead, ever",2026-04-06 16:04:27,2026-04-06 16:04:27,75
B011,Practical Java,Peter Haggar,https://books.google.com/books/content?id=iWPeqljHNcoC&printsec=frontcover&img=1&zoom=1&fife=w800,167266,Computers,48,Índice abreviado: General techniques -- Objects and equality -- Exception handling -- Performance -- Multithreading -- Classes and interfaces -- Appendix: learning Java.,2026-04-06 16:04:27,2026-04-06 16:04:27,287
B012,The Java Programming Language,"Ken Arnold, James Gosling",https://books.google.com/books/content?id=uP01mxirRWAC&printsec=frontcover&img=1&zoom=1&fife=w800,85914,Computers,56,"Part of The Java Series, The Java Programming Language is the definitive technical guide to the Java language. Ken Arnold and James Gosling explain Java's design motivations and tradeoffs, while prese",2026-04-06 16:04:27,2026-04-06 16:04:27,220
B013,Java Programming,"Gary B. Shelly, Thomas J. Cashman, Joy Starks",https://books.google.com/books/content?id=vedzht4HnIcC&printsec=frontcover&img=1&zoom=1&fife=w800,148231,Computers,82,"This new edition employs the Shelly Cashman Series' proven step-by-step approach to learning, presenting difficult Java programming concepts in a straightforward and exciting way! The new layout and d",2026-04-06 16:04:27,2026-04-06 16:04:27,54
B014,Java Programming,Icode Academy,https://books.google.com/books/content?id=QpQ2MQAACAAJ&printsec=frontcover&img=1&zoom=1&fife=w800,168229,General,72,***** Add to Cart NOW: $9.97 ***** ***** Normally priced: $17.97 ***** Are You Ready To Learn Java Easily? Java is actually a decent programming language developed at Sun Microsystems. It was original,2026-04-06 16:04:27,2026-04-06 16:04:27,224
B015,The Java Tutorial,"Mary Campione, Kathy Walrath, Alison Huml",https://books.google.com/books/content?id=rl6SFYAdL6YC&printsec=frontcover&img=1&zoom=1&fife=w800,193758,Computers,70,"Based on the online version that has become one of the world's most visited programmer documentation sites, this is a remarkably clear, practical, hands-on introduction to the Java 2 Platform. The bon",2026-04-06 16:04:27,2026-04-06 16:04:27,77
B016,Java Programming,"Joe Wigglesworth, Paula McMillan",https://books.google.com/books/content?id=KYBGAAAAYAAJ&printsec=frontcover&img=1&zoom=1&fife=w800,88603,Computers,68,"This highly-anticipated, thoroughly updated revision incorporates exciting changes and updates and is perfect for a second course in Java! This new edition now begins where a first course leaves off, ",2026-04-06 16:04:27,2026-04-06 16:04:27,153
B017,Java Programming for Dummies,"Donald J. Koosis, David Koosis",https://books.google.com/books/content?id=mIY_AQAAIAAJ&printsec=frontcover&img=1&zoom=1&fife=w800,81875,Computers,15,A must-have book that shows Web users how to implement rich interactive content and design their own applets for the Internet!-- Covers the programming basics of using Java including hardware and soft,2026-04-06 16:04:27,2026-04-06 16:04:27,64
B018,"Programming JAVA: Java Programming, JavaScript, Coding: Programming Guide: LEARN IN A DAY!",Os Swift,https://books.google.com/books/content?id=Crp_CwAAQBAJ&printsec=frontcover&img=1&zoom=1&fife=w800,136503,Computers,91,"Discover the Easy Way to Learn Java and JavaScript! No matter how much time you spend on other subjects, there's no escaping the fact that you have to learn the basics of computer programming. It take",2026-04-06 16:04:27,2026-04-06 16:04:27,82
B019,Java Programming Basics for the Internet,E. Shane Turner,https://books.google.com/books/content?id=xtHgAAAAMAAJ&printsec=frontcover&img=1&zoom=1&fife=w800,146215,Computers,94,Discover Java on the Web with Java Programming Basics for the Internet. This text teachers readers the basics of Java and how to create Java applets using Microsoft's Visual J++ Developer Studio. This,2026-04-06 16:04:27,2026-04-06 16:04:27,154
B020,Java Programming for the Internet,Michael D. Thomas,https://books.google.com/books/content?id=zodGAAAAYAAJ&printsec=frontcover&img=1&zoom=1&fife=w800,144800,Computers,34,"Java Programming for the Internet gives programmers who wish to write Java ""applets"" a step-by-step approach. Readers learn Java programming techniques, get the tools they need to build real-world int",2026-04-06 16:04:27,2026-04-06 16:04:27,232
B021,Business Strategy,"David Campbell, George Stonehouse, Bill Houston",https://books.google.com/books/content?id=YZVabMVylp0C&printsec=frontcover&img=1&zoom=1&fife=w800,176947,Business & Economics,50,'Business Strategy: an introduction' is an accessible textbook that provides a straightforward guide for those with little or no knowledge of the subject. It presents complex issues and concepts in a ,2026-04-06 16:04:27,2026-04-06 16:04:27,96
B022,Operations Management,Mike Pycraft,https://books.google.com/books/content?id=v6tVJ43nuD0C&printsec=frontcover&img=1&zoom=1&fife=w800,147223,Just-in-time systems,76,,2026-04-06 16:04:27,2026-04-06 16:04:27,118
B023,Business Strategy,Bengt Karloff,https://books.google.com/books/content?id=RnqxCwAAQBAJ&printsec=frontcover&img=1&zoom=1&fife=w800,183307,Business & Economics,81,The book covers definitions and examples of well known concepts and models in business strategy. This need from stems inefficiency and confusion in communication between people in organisations as the,2026-04-06 16:04:27,2026-04-06 16:04:27,248
B024,Strategic Market Management,"David A. Aaker, Damien McLoughlin",https://books.google.com/books/content?id=tpW22FvYvn8C&printsec=frontcover&img=1&zoom=1&fife=w800,123416,Business & Economics,82,"The text is a European adaptation of our current US book: Strategic Market Management, 9th Edition by David Aaker. This new edition is a mainstream text suitable for all business students studying str",2026-04-06 16:04:27,2026-04-06 16:04:27,216
B025,Exploring Management,"John R. Schermerhorn, Jr",https://books.google.com/books/content?id=dkd98RXEzmEC&printsec=frontcover&img=1&zoom=1&fife=w800,172836,Business & Economics,37,"Exploring Management, Second Edition by John Schermerhorn, presents a new and exciting approach in teaching and learning the principles of management. This text is organized within a unique learning s",2026-04-06 16:04:27,2026-04-06 16:04:27,109
B026,Business Strategy (The Brian Tracy Success Library),Brian Tracy,https://books.google.com/books/content?id=aF7jBgAAQBAJ&printsec=frontcover&img=1&zoom=1&fife=w800,198661,Business & Economics,98,Taking control of your company’s destiny starts with planning strategically from the beginning. How will you determine if your company has succeeded if you can’t base its performance on a well-defined,2026-04-06 16:04:27,2026-04-06 16:04:27,193
B027,Managing Globally with Information Technology,Sherif Kamel,https://books.google.com/books/content?id=3sb5PUqBAiMC&printsec=frontcover&img=1&zoom=1&fife=w800,98582,Business & Economics,73,"""As the world economy becomes more interdependent and competition more global, the information technology management challenges of enabling the global marketplace must be met with innovative solutions",2026-04-06 16:04:27,2026-04-06 16:04:27,223
B028,Business Strategy,J. -C. Spender,https://books.google.com/books/content?id=RGuJAgAAQBAJ&printsec=frontcover&img=1&zoom=1&fife=w800,82220,Business & Economics,32,"What is strategy? For many it is the application of a theory, model or framework. In this book Spender develops a different creative approach. Emphasizing that firms face uncertainties and unknowns (k",2026-04-06 16:04:27,2026-04-06 16:04:27,223
B029,"Managing and Using Information Systems: A Strategic Approach, Australia and New Zealand Edition","Keri E. Pearlson, Carol S. Saunders, Dennis F. Galletta",https://books.google.com/books/content?id=yfC1EQAAQBAJ&printsec=frontcover&img=1&zoom=1&fife=w800,134986,Computers,32,"Managing & Using Information Systems: A Strategic Approach provides a solid knowledge base of basic concepts to help readers become informed, competent participants in Information Systems (IS) decisio",2026-04-06 16:04:27,2026-04-06 16:04:27,148
B030,Human Resource Development,John P. Wilson,https://books.google.com/books/content?id=zpNc_GZIiikC&printsec=frontcover&img=1&zoom=1&fife=w800,119608,Business & Economics,39,"""The book will provide both thought-provoking questions and stimulating answers to the key factors in HR development today."" IT Training Human Resource Development is the ideal handbook for all profes",2026-04-06 16:04:27,2026-04-06 16:04:27,92
B031,Business Strategy,"The Economist, Jeremy Kourdi",https://books.google.com/books/content?id=uQ-CBgAAQBAJ&printsec=frontcover&img=1&zoom=1&fife=w800,153499,Business & Economics,44,"The effectiveness of a good strategy well implemented determines a business' future success or failure. Yet history is full of strategic decisions, big and small, that were ill-conceived, poorly organ",2026-04-06 16:04:27,2026-04-06 16:04:27,131
B032,The Delta Model,Arnoldo C. Hax,https://books.google.com/books/content?id=ROSTnjmTjxQC&printsec=frontcover&img=1&zoom=1&fife=w800,160864,Business & Economics,51,"Strategy is the most central issue in management. It has to do with defining the purpose of an organization, understanding the market in which it operates and the capabilities the firm possesses, and ",2026-04-06 16:04:27,2026-04-06 16:04:27,257
B033,7 Powers,Hamilton Helmer,https://books.google.com/books/content?id=9p1evgAACAAJ&printsec=frontcover&img=1&zoom=1&fife=w800,113738,Business & Economics,38,"7 Powers details a strategy toolset that enables you to build an enduringly valuable company. It was developed by Hamilton Helmer drawing on his decades of experience as a strategy advisor, equity inv",2026-04-06 16:04:27,2026-04-06 16:04:27,154
B034,Innovations Through Information Technology,Information Resources Management Association. International Conference,https://books.google.com/books/content?id=OrYRXSEIeQgC&printsec=frontcover&img=1&zoom=1&fife=w800,114402,Business & Economics,31,Innovations Through Information Technology aims to provide a collection of unique perspectives on the issues surrounding the management of information technology in organizations around the world and ,2026-04-06 16:04:27,2026-04-06 16:04:27,244
B035,Business,Unknown,https://books.google.com/books/content?id=x2siAQAAMAAJ&printsec=frontcover&img=1&zoom=1&fife=w800,138909,Business,85,,2026-04-06 16:04:27,2026-04-06 16:04:27,48
B036,Business Strategy,Jeremy Kourdi,https://books.google.com/books/content?id=B6cPD2GJGG0C&printsec=frontcover&img=1&zoom=1&fife=w800,97073,Business & Economics,91,"This updated, useful book on business strategy, with The Economist brand, shows today’s manager how to create and sustain a dynamic, profitable business with techniques to support effective decisions.",2026-04-06 16:04:27,2026-04-06 16:04:27,217
B037,Developing Business Strategies,David A. Aaker,https://books.google.com/books/content?id=Jkf2EAAAQBAJ&printsec=frontcover&img=1&zoom=1&fife=w800,92061,Business & Economics,64,"""Unquestionably the most comprehensive treatment available on the subject. I found this book unique in its capacity to benefit executives, planning staff, and students of strategy alike."" —Robert L. J",2026-04-06 16:04:27,2026-04-06 16:04:27,247
B038,Handbook of Business Strategy,Harold E. Glass,https://books.google.com/books/content?id=Dma1AAAAIAAJ&printsec=frontcover&img=1&zoom=1&fife=w800,123521,Business & Economics,14,,2026-04-06 16:04:27,2026-04-06 16:04:27,52
B039,Business Strategy Essentials You Always Wanted To Know,Vibrant Publishers,https://books.google.com/books/content?id=PGuDDwAAQBAJ&printsec=frontcover&img=1&zoom=1&fife=w800,86879,Business & Economics,88,Business Strategy Essentials You Always Wanted To Know prepares new managers and leaders with building blocks of strategy. You will learn how to define strategy and how strategy differs at different l,2026-04-06 16:04:27,2026-04-06 16:04:27,211
B040,The Magazine of Business,Unknown,https://books.google.com/books/content?id=ScvNAAAAMAAJ&printsec=frontcover&img=1&zoom=1&fife=w800,160219,Business,90,,2026-04-06 16:04:27,2026-04-06 16:04:27,218
B041,Now I Choose - Self Help Motivation & Inspiration,Rick Smith,https://books.google.com/books/content?id=S0ppaa0H12AC&printsec=frontcover&img=1&zoom=1&fife=w800,189906,Self-Help,33,"Easy motivational self help book to improve self esteem, build confidence, positive thinking habits, self improvement, with inspirational bible quotes.",2026-04-06 16:04:27,2026-04-06 16:04:27,290
B042,Self-Esteem And Motivation,Changez SATTAR,https://books.google.com/books/content?id=Vc8dzAEACAAJ&printsec=frontcover&img=1&zoom=1&fife=w800,124373,General,77,"""Believe in yourself.""In this book you will get to know about ""How to motivate yourself "" self-help and motivation We are told that we can accomplish anything if we believe in ourselves. Of course, we",2026-04-06 16:04:27,2026-04-06 16:04:27,195
B043,Success Sculptors: Mastering Self-Improvement,Shu Chen Hou,https://books.google.com/books/content?id=NX-0EAAAQBAJ&printsec=frontcover&img=1&zoom=1&fife=w800,105742,Self-Help,33,"Unlock Your Potential with ""Success Sculptors: Mastering Self-Improvement"" Are you ready to transform your life, unlock your true potential, and sculpt a future filled with success and fulfillment? Lo",2026-04-06 16:04:27,2026-04-06 16:04:27,60
B044,Self-Care for Busy Professionals: Simple Strategies for Managing Stress and Burnout,Shu Chen Hou,https://books.google.com/books/content?id=j2OyEAAAQBAJ&printsec=frontcover&img=1&zoom=1&fife=w800,161049,Self-Help,82,"Unlock a Healthier, Happier You with ""Self-Care for Busy Professionals"" Are you a busy professional caught in the relentless whirlwind of work, life, and endless responsibilities? Do you often find yo",2026-04-06 16:04:27,2026-04-06 16:04:27,206
B045,The Recovery Equation: Motivational Enhancement/Choice Awareness/Use Prevention - an Innovative Clinical Curriculum for Substance Use/Addictions Treatment,"Pavel G. Somov, Ph.D.",https://books.google.com/books/content?id=cL4XAwAAQBAJ&printsec=frontcover&img=1&zoom=1&fife=w800,117539,General,28,,2026-04-06 16:04:27,2026-04-06 16:04:27,42
B046,Official Gazette of the United States Patent and Trademark Office,Unknown,https://books.google.com/books/content?id=1EgbAQAAMAAJ&printsec=frontcover&img=1&zoom=1&fife=w800,185582,Trademarks,18,,2026-04-06 16:04:27,2026-04-06 16:04:27,114
B047,Official Gazette of the United States Patent and Trademark Office,Unknown,https://books.google.com/books/content?id=5sc7vHMk9ecC&printsec=frontcover&img=1&zoom=1&fife=w800,102567,Trademarks,26,,2026-04-06 16:04:27,2026-04-06 16:04:27,101
B048,Psychology,"Don H. Hockenbury, Sandra E. Hockenbury",https://books.google.com/books/content?id=RwMBD5TSMawC&printsec=frontcover&img=1&zoom=1&fife=w800,91268,Psychology,86,"New edition of the Hockenburys' text, which draws on their extensive teaching and writing experiences to speak directly to students who are new to psychology.",2026-04-06 16:04:27,2026-04-06 16:04:27,235
B049,Self-help Methods of Teaching English,Julia Helen Wohlfarth,https://books.google.com/books/content?id=DMpBAAAAIAAJ&printsec=frontcover&img=1&zoom=1&fife=w800,144105,English language,49,,2026-04-06 16:04:27,2026-04-06 16:04:27,249
B050,"How to Enhance Learning Efficiency When Online Learning is Popular and Indispensable: Theory, Research and Practice","Rong Lian, Chang Liu , Juzhe Xi",https://books.google.com/books/content?id=fZgUEQAAQBAJ&printsec=frontcover&img=1&zoom=1&fife=w800,184619,Science,74,"Online learning has become more and more common globally, whether for comfort, adapting to work hours or just having the freedom to study from anywhere. And now under the coronavirus pandemic, as peop",2026-04-06 16:04:27,2026-04-06 16:04:27,296
B051,Motivational Self-Help: Unlocking Your Potential for a Fulfilling Life,Sourav Majumder,https://books.google.com/books/content?id=0erDEAAAQBAJ&printsec=frontcover&img=1&zoom=1&fife=w800,102843,Self-Help,72,"Unlock the door to your limitless potential and embark on a transformative journey towards a truly fulfilling life. In this motivational self-help guide, you will discover the essential tools and stra",2026-04-06 16:04:27,2026-04-06 16:04:27,28
B052,Self-Help 101,Skylar Colon,https://books.google.com/books/content?id=tbNvzgEACAAJ&printsec=frontcover&img=1&zoom=1&fife=w800,99890,General,71,"WHEN YOU ARE MOTIVATED, THE WORLD IS YOUR OYSTER. Unfortunately, many of us struggle with becoming motivated, and even the simplest request may seem like you are being asked to split the atom with a t",2026-04-06 16:04:27,2026-04-06 16:04:27,70
B053,Self Improvement and Motivation for Success,Walid Djw,https://books.google.com/books/content?id=fyuBzQEACAAJ&printsec=frontcover&img=1&zoom=1&fife=w800,169372,General,36,Self Improvement and Motivation for Success Are You Underconfident And Shy? Do You Feel Tongue-Tied While Interacting With Your Boss? Does Setting Professional and Personal Goals Feel Like a Herculean,2026-04-06 16:04:27,2026-04-06 16:04:27,24
B054,The 101 Best Web Sites,Mike Johnson,https://books.google.com/books/content?id=_FZ59nx9KBoC&printsec=frontcover&img=1&zoom=1&fife=w800,86663,Business,54,,2026-04-06 16:04:27,2026-04-06 16:04:27,150
B055,Self-help & Personal Development,Aniekan Udott,https://books.google.com/books/content?id=nZZt0AEACAAJ&printsec=frontcover&img=1&zoom=1&fife=w800,179908,Self-Help,21,"""Self-help & Personal Development: Self-improvement, Personal Growth & Motivation"" is a comprehensive guide that explores various aspects of self-improvement and personal growth. It covers a wide rang",2026-04-06 16:04:27,2026-04-06 16:04:27,216
B056,Practice Guideline for the Treatment of Patients with Nicotine Dependence,American Psychiatric Association. Work Group on Nicotine Dependence,https://books.google.com/books/content?id=vyZsAAAAMAAJ&printsec=frontcover&img=1&zoom=1&fife=w800,175323,Medical,73,"This work provides guidance on the care of patients with cigarette-related nicotine dependence. However, not all smokers meet DSV-IV criteria, some have comorbid psychiatric conditions which are not d",2026-04-06 16:04:27,2026-04-06 16:04:27,62
B057,101 Self Help Tips,Muhammad Faraz Khan,https://books.google.com/books/content?id=P89_uwEACAAJ&printsec=frontcover&img=1&zoom=1&fife=w800,194235,Psychology,98,"In this e-Book you will know the 101 Tips to find motivation and reach your goals, self help books for anxiety and depression. If you find that you can't bring yourself to go through the necessary act",2026-04-06 16:04:27,2026-04-06 16:04:27,218
B058,Standard Service Arithmetics,"Frederic Butterfield Knight, John Ward Studebaker, Giles Murrel Ruch",https://books.google.com/books/content?id=AjJCAAAAIAAJ&printsec=frontcover&img=1&zoom=1&fife=w800,192518,Arithmetic,57,,2026-04-06 16:04:27,2026-04-06 16:04:27,46
B059,The Modern Life Arithmetics,"J. G. Fowlkes, Thomas Theodore Goff",https://books.google.com/books/content?id=FqAZAQAAIAAJ&printsec=frontcover&img=1&zoom=1&fife=w800,186183,Arithmetic,14,,2026-04-06 16:04:27,2026-04-06 16:04:27,224
B060,Don't Be Busy Be Productive Inspiration Motivated Quotes Self Help Notebook,Nancy Prints,https://books.google.com/books/content?id=0jxZzQEACAAJ&printsec=frontcover&img=1&zoom=1&fife=w800,81034,General,17,"Don't be busy be productive Inspiration Motivated Quotes Self Help notebookquotes inspirational motivationthe motivation for life, better yourself, motivational quotes, self-improvement, motivation, a",2026-04-06 16:04:27,2026-04-06 16:04:27,59
B061,The Gold of Akada: A Jungle Adventure Novel,John Russell Fearn,https://books.google.com/books/content?id=rUr0AAAAQBAJ&printsec=frontcover&img=1&zoom=1&fife=w800,80291,Fiction,98,"Harry Perrivale's expedition into the African jungle is destined to be singularly ill-fated. Accompanied by native bearers, his wife Rita, and trader Caleb Moon, he hopes to find the legendary lost ci",2026-04-06 16:04:27,2026-04-06 16:04:27,275
B062,Legacy from Sirius,John Russell Fearn,https://books.google.com/books/content?id=TUH0AAAAQBAJ&printsec=frontcover&img=1&zoom=1&fife=w800,121186,Fiction,51,"When a young scientist discovers how to foreshorten space by using higher dimensions, it opens up the possibilities for almost instantaneous interstellar travel, initially using unmanned probes. The f",2026-04-06 16:04:27,2026-04-06 16:04:27,160
B063,Zagribud: A Classic Space Opera,John Russell Fearn,https://books.google.com/books/content?id=w5wwDwAAQBAJ&printsec=frontcover&img=1&zoom=1&fife=w800,178746,Fiction,12,"In this sequel to John Russell Fearn’s classic Liners of Time, Time Liner Pilot Sandford Lee continues his battle against Elnek Jelfel, the Jovian wizard of science intent on galactic domination. Zagr",2026-04-06 16:04:27,2026-04-06 16:04:27,299
B064,Island of the Damned,Murat Ukray,https://books.google.com/books/content?id=QhDCEQAAQBAJ&printsec=frontcover&img=1&zoom=1&fife=w800,113871,Fiction,33,Some islands are erased from maps. Others are erased from memory. This story belongs to the latter.! Island of the Damned is not merely a work of speculative fiction. It is an examination of a recurri,2026-04-06 16:04:27,2026-04-06 16:04:27,279
B065,Catalogue of English Prose Fiction & Juvenile Books ...,Chicago Public Library,https://books.google.com/books/content?id=NIdAAAAAYAAJ&printsec=frontcover&img=1&zoom=1&fife=w800,174802,English fiction,55,,2026-04-06 16:04:27,2026-04-06 16:04:27,178
B066,Manton's World,John Russell Fearn,https://books.google.com/books/content?id=LT70AAAAQBAJ&printsec=frontcover&img=1&zoom=1&fife=w800,192226,Fiction,87,"Randle Manton has brought the Earth back from the brink of nuclear disaster, painstakingly rebuilding a nearly destroyed civilization, even reaching out to space. But now he's told that the clouds cov",2026-04-06 16:04:27,2026-04-06 16:04:27,39
B067,"The Central Intelligence: The Golden Amazon Saga, Book Seven",John Russell Fearn,https://books.google.com/books/content?id=6aT0AAAAQBAJ&printsec=frontcover&img=1&zoom=1&fife=w800,170019,Fiction,69,"The Golden Amazon’s arch-enemy, Sefner Quorne, discovers that all mental gifts, such as memory and creativity, are not inherent in human brains and mental make-up, but are something that is broadcast ",2026-04-06 16:04:27,2026-04-06 16:04:27,163
B068,The Publishers Weekly,Unknown,https://books.google.com/books/content?id=UREy_7PyaBsC&printsec=frontcover&img=1&zoom=1&fife=w800,99338,American literature,54,,2026-04-06 16:04:27,2026-04-06 16:04:27,196
B069,"Dwellers in Darkness: The Golden Amazon Saga, Book Fourteen",John Russell Fearn,https://books.google.com/books/content?id=51BNAgAAQBAJ&printsec=frontcover&img=1&zoom=1&fife=w800,199925,Fiction,85,"Voyaging into a sector of interstellar space that is plunged into total darkness with an absolute absence of any light, the four Cosmic Crusaders encounter their most powerful and sinister enemy yet--",2026-04-06 16:04:27,2026-04-06 16:04:27,257
B070,The Amethyst City,John Russell Fearn,https://books.google.com/books/content?id=sSj0AAAAQBAJ&printsec=frontcover&img=1&zoom=1&fife=w800,134437,Fiction,80,"The human-occupied planets in the Solar System, Earth and Mars, are suddenly threatened with a space-borne plague that rusts and destroys all metals. If the ""disease"" continues unchecked, all of civil",2026-04-06 16:04:27,2026-04-06 16:04:27,77
B071,Bulletin of Bibliography and Magazine Subject-index,Unknown,https://books.google.com/books/content?id=_yEDAAAAYAAJ&printsec=frontcover&img=1&zoom=1&fife=w800,166558,Bibliography,37,,2026-04-06 16:04:27,2026-04-06 16:04:27,227
B072,Literary Market Place,"John Keith Hanrahan, Anne Jones Richter",https://books.google.com/books/content?id=h3okAQAAIAAJ&printsec=frontcover&img=1&zoom=1&fife=w800,149591,Authorship,24,The business directory of American book publishing.,2026-04-06 16:04:27,2026-04-06 16:04:27,183
B073,Kingpin Planet,John Russell Fearn,https://books.google.com/books/content?id=i8WvpxOQuY0C&printsec=frontcover&img=1&zoom=1&fife=w800,104654,Fiction,56,"The Cosmic Crusaders are plunged into a strange new space, where all the probabilities of electronic law are strangely altered, a complete and stunning inversion of all so-called natural laws. They di",2026-04-06 16:04:27,2026-04-06 16:04:27,221
B074,"Catalogue...authors, Titles, Subjects, and Classes",Brooklyn Public Library,https://books.google.com/books/content?id=FNlGAQAAMAAJ&printsec=frontcover&img=1&zoom=1&fife=w800,162915,Library catalogs,89,,2026-04-06 16:04:27,2026-04-06 16:04:27,38
B075,2004 Novel and Short Story Writer's Market,"Anne Bowling, Michael Schweer, Vanessa Lyman",https://books.google.com/books/content?id=OTB1OfPQp3cC&printsec=frontcover&img=1&zoom=1&fife=w800,167150,Language Arts & Disciplines,15,"Lists addresses and information on contacts, pay rates, and submission requirements, and includes essays on the craft of writing.",2026-04-06 16:04:27,2026-04-06 16:04:27,145
B076,The Book Monthly,Unknown,https://books.google.com/books/content?id=QA0SAAAAIAAJ&printsec=frontcover&img=1&zoom=1&fife=w800,137929,"Bibliography, National",77,,2026-04-06 16:04:27,2026-04-06 16:04:27,93
B077,Bankers Magazine,Unknown,https://books.google.com/books/content?id=h17D4ATkOuEC&printsec=frontcover&img=1&zoom=1&fife=w800,118518,Banks and banking,72,,2026-04-06 16:04:27,2026-04-06 16:04:27,171
B078,"A book for all readers, designed as an aid to the collection, use and preservation of books",Ainsworth Rand Spofford,https://books.google.com/books/content?id=Ju2Sa8RhpjcC&printsec=frontcover&img=1&zoom=1&fife=w800,196661,General,15,,2026-04-06 16:04:27,2026-04-06 16:04:27,240
B079,Public Libraries,Unknown,https://books.google.com/books/content?id=zK4UAAAAYAAJ&printsec=frontcover&img=1&zoom=1&fife=w800,104540,Libraries,32,,2026-04-06 16:04:27,2026-04-06 16:04:27,250
B080,The London Mercury,Unknown,https://books.google.com/books/content?id=QN4gxHjwhK8C&printsec=frontcover&img=1&zoom=1&fife=w800,103855,English literature,34,,2026-04-06 16:04:27,2026-04-06 16:04:27,20
B081,Returnee Entrepreneurs and Tech Startups in India,"M H Bala Subrahmanya, Ganesaraman Kalyanasundaram, K M Sharath Kumar, Jon Thomas",https://books.google.com/books/content?id=6aHCEQAAQBAJ&printsec=frontcover&img=1&zoom=1&fife=w800,157353,Business & Economics,26,"Returnee entrepreneurship is gaining traction globally. Returnee entrepreneurs tend to possess significant knowledge capital, international social capital, financial capital, managerial, and entrepren",2026-04-06 16:04:27,2026-04-06 16:04:27,266
B082,Understanding Startups From Idea to Market,"Yenchun Jim Wu, Chih-Hung Yuan, Mu-Yen Chen",https://books.google.com/books/content?id=j0BpEAAAQBAJ&printsec=frontcover&img=1&zoom=1&fife=w800,99204,Science,10,,2026-04-06 16:04:27,2026-04-06 16:04:27,173
B083,Disciplined Entrepreneurship,Bill Aulet,https://books.google.com/books/content?id=QbY2AAAAQBAJ&printsec=frontcover&img=1&zoom=1&fife=w800,81930,Business & Economics,25,"24 Steps to Success! Disciplined Entrepreneurship will change the way you think about starting a company. Many believe that entrepreneurship cannot be taught, but great entrepreneurs aren’t born with ",2026-04-06 16:04:27,2026-04-06 16:04:27,156
B084,Start Your Own Business,The Staff of Entrepreneur Media,https://books.google.com/books/content?id=zQxjDwAAQBAJ&printsec=frontcover&img=1&zoom=1&fife=w800,85583,Business & Economics,33,"In 2017 34% of the workforce was considered part of the gig economy. This growing workforce of freelancers and side-giggers is also estimated to grow to 43% by 2020. That’s 4 million freelancers, soon",2026-04-06 16:04:27,2026-04-06 16:04:27,266
B085,Ecosystem Dynamics and Strategies for Startups Scalability,"Baporikar, Neeta",https://books.google.com/books/content?id=JNzpEAAAQBAJ&printsec=frontcover&img=1&zoom=1&fife=w800,108335,Business & Economics,35,"Those who venture into the realm of ecosystem advantage will discover a complex web of relationships, interfaces, and processes designed to efficiently deliver customer value. One important factor in ",2026-04-06 16:04:27,2026-04-06 16:04:27,147
B086,The Startup Checklist,David S. Rose,https://books.google.com/books/content?id=yAuzCwAAQBAJ&printsec=frontcover&img=1&zoom=1&fife=w800,80055,Business & Economics,16,"25 Steps to Found and Scale a High-Growth Business The Startup Checklist is the entrepreneur's essential companion. While most entrepreneurship books focus on strategy, this invaluable guide provides ",2026-04-06 16:04:27,2026-04-06 16:04:27,71
B087,Software Business,"Eriks Klotins, Krzysztof Wnuk",https://books.google.com/books/content?id=aG8WEAAAQBAJ&printsec=frontcover&img=1&zoom=1&fife=w800,93145,Business & Economics,83,"This book constitutes the refereed proceedings of the 11th International Conference on Software Business, ICSOB 2020, which was held during November 16-18, 2020. The conference was originally planned ",2026-04-06 16:04:27,2026-04-06 16:04:27,282
B088,The Dynamics of Entrepreneurial Ecosystems,"Allan O’Connor, Colin Mason, Morgan P. Miles, David Audretsch",https://books.google.com/books/content?id=K_xNEAAAQBAJ&printsec=frontcover&img=1&zoom=1&fife=w800,168048,Business & Economics,69,This book aims to provide new approaches to analysing and thinking about how entrepreneurial ecosystems develop and evolve over time as well as shed light on the relatively unexplored area of entrepre,2026-04-06 16:04:27,2026-04-06 16:04:27,162
B089,Universities and the Entrepreneurial Ecosystem,"David B. Audretsch, Albert N. Link",https://books.google.com/books/content?id=XOonDwAAQBAJ&printsec=frontcover&img=1&zoom=1&fife=w800,146864,Business & Economics,38,"Entrepreneurial ecosystems have emerged as one of the most dynamic forces shaping the economic performance of individuals, companies and regions. This book brings together some of the leading scholars",2026-04-06 16:04:27,2026-04-06 16:04:27,276
B090,University Startups and Spin-Offs,Manuel Stagars,https://books.google.com/books/content?id=714nCgAAQBAJ&printsec=frontcover&img=1&zoom=1&fife=w800,159217,Business & Economics,98,"University Startups and Spin-Offs teaches university students, researchers, and educators the most effective strategies and tactics for launching their own startups from academic platforms with the ba",2026-04-06 16:04:27,2026-04-06 16:04:27,184
B091,The History of Entrepreneurship in Mexico,"Araceli Almaraz Alvarado, Oscar Montiel",https://books.google.com/books/content?id=BDXnDwAAQBAJ&printsec=frontcover&img=1&zoom=1&fife=w800,118219,Business & Economics,58,"Entrepreneurs develop based on their surroundings. It is easy to understand US entrepreneurs, with the wealth of information available about their development, but how does working in Mexico influence",2026-04-06 16:04:27,2026-04-06 16:04:27,125
B092,Disciplined Entrepreneurship,Bill Aulet,https://books.google.com/books/content?id=NNH9EAAAQBAJ&printsec=frontcover&img=1&zoom=1&fife=w800,147233,Business & Economics,73,An expanded & updated version of the award winning & bestselling one-stop entrepreneurial book used by hundreds of schools globally that has helped create or make better hundreds of thousands of entre,2026-04-06 16:04:27,2026-04-06 16:04:27,228
B093,The Smarter Startup,"Neal Cabage, Sonya Zhang",https://books.google.com/books/content?id=TcKv-yS920MC&printsec=frontcover&img=1&zoom=1&fife=w800,199492,Business & Economics,93,"Why do some startups succeed while other do not? In a maturing online market, the cost of product development has fallen as quickly as competition has risen, and building a viable product is no longer",2026-04-06 16:04:27,2026-04-06 16:04:27,64
B094,Digital Startups in Transition Economies,Agnieszka Skala,https://books.google.com/books/content?id=OWJ5DwAAQBAJ&printsec=frontcover&img=1&zoom=1&fife=w800,167610,Business & Economics,51,"This book responds to the growing demand for a scientific approach to the concept of startups, which are a manifestation of the digital revolution and an innovation-driven economy. With a focus on dig",2026-04-06 16:04:27,2026-04-06 16:04:27,122
B095,Let's Startup,Mahesh Danannavar,https://books.google.com/books/content?id=6wHMDwAAQBAJ&printsec=frontcover&img=1&zoom=1&fife=w800,132375,Business & Economics,19,"#Let’s STARTUP Starting Up Business & Entrepreneurship If you are a budding entrepreneur and don't know how to start, where to go, what to do, whom to ask then this book you are holding in your hand g",2026-04-06 16:04:27,2026-04-06 16:04:27,84
B096,Frontiers of Entrepreneurship Research,Unknown,https://books.google.com/books/content?id=CiTwAAAAMAAJ&printsec=frontcover&img=1&zoom=1&fife=w800,151588,Entrepreneurship,40,,2026-04-06 16:04:27,2026-04-06 16:04:27,78
B097,Don't Start Your Own Business,Chad Reinertson,https://books.google.com/books/content?id=gGfimQEACAAJ&printsec=frontcover&img=1&zoom=1&fife=w800,168620,Entrepreneurship,65,"Don't Start Your Own Business is the essential guide to start your company the right way. Learn the new strategies and tools successful businesses are using. This powerful, yet simple, guide for all e",2026-04-06 16:04:27,2026-04-06 16:04:27,101
B098,International Encyclopedia of Business Management,Unknown,https://books.google.com/books/content?id=NVwmEQAAQBAJ&printsec=frontcover&img=1&zoom=1&fife=w800,155577,Psychology,39,"The Encyclopedia of Business Management, Four Volume Set is a comprehensive resource that covers over 200 topics across various areas of business management. Each entry is written in an accessible man",2026-04-06 16:04:27,2026-04-06 16:04:27,113
B099,Bootstrapped,James Garvin,https://books.google.com/books/content?id=r507nAEACAAJ&printsec=frontcover&img=1&zoom=1&fife=w800,134708,Business & Economics,29,This book is about you! It's about giving you the motivation and the guidance you need to start your own business without having to raise millions in venture capital. It's about giving you the confide,2026-04-06 16:04:27,2026-04-06 16:04:27,50
B100,6 Secrets to Startup Success,John BRADBERRY,https://books.google.com/books/content?id=CC2D0t7E6wMC&printsec=frontcover&img=1&zoom=1&fife=w800,162349,Business & Economics,77,It takes passion to start a new business. But that same entrepreneurial enthusiasm can also lead you astray.Over six million Americans start businesses every year. That's 11 startups a minute launched,2026-04-06 16:04:27,2026-04-06 16:04:27,155
B101,Python Programming,John M. Zelle,https://books.google.com/books/content?id=aJQILlLxRmAC&printsec=frontcover&img=1&zoom=1&fife=w800,166767,Computers,61,"This book is suitable for use in a university-level first course in computing (CS1), as well as the increasingly popular course known as CS0. It is difficult for many students to master basic concepts",2026-04-06 16:04:27,2026-04-06 16:04:27,93
B102,Python,Charlie Masterson,https://books.google.com/books/content?id=TFbyAQAACAAJ&printsec=frontcover&img=1&zoom=1&fife=w800,170015,General,50,"Python Best Seller: 2 Books In 1! For a limited time only, get to own this Amazon top seller for just $24.00! Regularly priced at $30.76. Own this Best-Selling Python Computer Programming Bundle that ",2026-04-06 16:04:27,2026-04-06 16:04:27,144
B103,"Python Programming: The Ultimate Beginner's Guide to Python Language Fundamentals, a Crash Course with Step-by-Step Exercises, Tips, and T",John Russel,https://books.google.com/books/content?id=vFDfzQEACAAJ&printsec=frontcover&img=1&zoom=1&fife=w800,99553,Computers,79,Unsure where to get started with coding? Worried that learning a coding language will be too hard? Or do you want to learn the easiest programming language? Learning how to start with a new coding lan,2026-04-06 16:04:27,2026-04-06 16:04:27,14
B104,Learn Python,Damon Parker,https://books.google.com/books/content?id=tQwzEAAAQBAJ&printsec=frontcover&img=1&zoom=1&fife=w800,96273,Computers,31,Python programming language has rendered itself as the language of choice for coding beginners and advanced software programmers alike. This book is written to help you master the basic concepts of Py,2026-04-06 16:04:27,2026-04-06 16:04:27,26
B105,Python Programming Techniques,Lance Gifford,https://books.google.com/books/content?id=uES4AwAAQBAJ&printsec=frontcover&img=1&zoom=1&fife=w800,81638,Computers,68,"""Python Programming Techniques"" is a book that is ideal for persons that are interested in learning about the basics of Python programming before they move on to learn more advanced techniques offered",2026-04-06 16:04:27,2026-04-06 16:04:27,107
B106,PYTHON PROGRAMMING,"Dr.M Sirish Kumar, G.Radhika, A.Basi Reddy",https://books.google.com/books/content?id=zwm7EAAAQBAJ&printsec=frontcover&img=1&zoom=1&fife=w800,194127,Antiques & Collectibles,28,This book aims to provide a broad PYTHON PROGRAMMING for the importance of PYTHON PROGRAMMING is well known in various engineering fields. The book uses to explain the fundamentals of this subject. It,2026-04-06 16:04:27,2026-04-06 16:04:27,141
B107,Python Programming for Machine Learning,"Dr.A.Kalpana, Mrs.S.Sree Priya, Dr.K.Sivakami",https://books.google.com/books/content?id=itMrEQAAQBAJ&printsec=frontcover&img=1&zoom=1&fife=w800,173526,Computers,96,"Dr.A.Kalpana, Assistant Professor, Department of Computer Applications, Agurchand Manmull Jain College, Chennai, Tamil Nadu, India. Mrs.S.Sree Priya, Assistant Professor, Department of Computer Applic",2026-04-06 16:04:27,2026-04-06 16:04:27,172
B108,Introduction to Python Programming,"Gowrishankar S, Veena A",https://books.google.com/books/content?id=hbJ5DwAAQBAJ&printsec=frontcover&img=1&zoom=1&fife=w800,143415,Computers,99,Introduction to Python Programming is written for students who are beginners in the field of computer programming. This book presents an intuitive approach to the concepts of Python Programming for st,2026-04-06 16:04:27,2026-04-06 16:04:27,263
B109,Introduction to Python Programming for Business and Social Science Applications,"Frederick Kaefer, Paul Kaefer",https://books.google.com/books/content?id=JonjDwAAQBAJ&printsec=frontcover&img=1&zoom=1&fife=w800,149848,Business & Economics,39,"Would you like to gather big datasets, analyze them, and visualize the results, all in one program? If this describes you, then Introduction to Python Programming for Business and Social Science Appli",2026-04-06 16:04:27,2026-04-06 16:04:27,148
B110,Basic And Advance : Python Programming,Agya Ram Verma,https://books.google.com/books/content?id=AgmiEAAAQBAJ&printsec=frontcover&img=1&zoom=1&fife=w800,158205,Computers,94,"This book will introduce you to the python programming language. It's aimed at beginning programmers, but even if you have written programs before and just want to add python to your list of languages",2026-04-06 16:04:27,2026-04-06 16:04:27,166
B111,Learn Python Programming,Jason Crash,https://books.google.com/books/content?id=1RTjxwEACAAJ&printsec=frontcover&img=1&zoom=1&fife=w800,84798,General,36,"If you want a quick and practical guide to learn python, then keep reading Python is a programming language that is well-known for its simplicity and powerful features that can be used to make web and",2026-04-06 16:04:27,2026-04-06 16:04:27,55
B112,Python Programming,Daniel O'Reilly,https://books.google.com/books/content?id=fu8vzgEACAAJ&printsec=frontcover&img=1&zoom=1&fife=w800,137676,Computers,46,★ 55% OFF for Bookstores! NOW at $32.95 instead of $42.95★ Would You Like to Know How to Automate Boring Stuff Quickly? Discover the Easiest Way to Learn Everything About Python and Machine Learning! ,2026-04-06 16:04:27,2026-04-06 16:04:27,289
B113,Learn Python Programming,NK Chaurasiya,https://books.google.com/books/content?id=fUXIDwAAQBAJ&printsec=frontcover&img=1&zoom=1&fife=w800,105195,Computers,26,"‘Learn Python Programming’ provides basic and advanced concepts of Python. Our Python tutorial is designed for beginners and professionals. Python is a simple, general purpose, high level, and object-",2026-04-06 16:04:27,2026-04-06 16:04:27,164
B114,Coding,"Michael Clark, Michael Learn",https://books.google.com/books/content?id=Inc1zgEACAAJ&printsec=frontcover&img=1&zoom=1&fife=w800,119336,General,80,"55 % discount for bookstores ! Now At $55.99 instead of $ 86,78 Includes 3 manuscripts Learn Python Programming In today's Industry, Python Programming is highly recommended for developing Websites. T",2026-04-06 16:04:27,2026-04-06 16:04:27,99
B115,Introduction to Python Programming,Open Stax,https://books.google.com/books/content?id=26200AEACAAJ&printsec=frontcover&img=1&zoom=1&fife=w800,95904,Computers,25,"Introduction to Python Programming provides a comprehensive foundation in programming concepts and skills, and it is aligned to the scope of most introductory courses. A wide array of scenarios, conte",2026-04-06 16:04:27,2026-04-06 16:04:27,145
B116,Python Programming Recipes for IoT Applications,"Jivan S. Parab, Madhusudan Ganuji Lanjewar, Marlon Darius Sequeira, Gourish Naik, Arman Yusuf Shaikh",https://books.google.com/books/content?id=PxrEEAAAQBAJ&printsec=frontcover&img=1&zoom=1&fife=w800,189755,Technology & Engineering,11,"The book comprehensively covers the most important applications of the internet of things (IoT) using Python programming on Raspberry pi, Micropython Py Board, and NVIDIA Jetson Board. The authors hav",2026-04-06 16:04:27,2026-04-06 16:04:27,263
B117,Mathematics and Python Programming,J.C. Bautista,https://books.google.com/books/content?id=K0B8BwAAQBAJ&printsec=frontcover&img=1&zoom=1&fife=w800,126733,Technology & Engineering,93,"""We have developed 120 Python programs and more than 110 illustrations in a work that will be useful both to students of science of the first university science courses, as well as high school student",2026-04-06 16:04:27,2026-04-06 16:04:27,75
B118,Python Programming Guide. Exploring Computer Programming,Sheetal Thakare,https://books.google.com/books/content?id=cir4DwAAQBAJ&printsec=frontcover&img=1&zoom=1&fife=w800,114943,Computers,57,"Document from the year 2020 in the subject Computer Science - Programming, , course: Python Programming, language: English, abstract: This Guide is explaining Python as it is the the perfect language ",2026-04-06 16:04:27,2026-04-06 16:04:27,148
B119,"Python Programming for Raspberry Pi, Sams Teach Yourself in 24 Hours","Richard Blum, Christine Bresnahan",https://books.google.com/books/content?id=raErCwAAQBAJ&printsec=frontcover&img=1&zoom=1&fife=w800,199534,Technology & Engineering,94,"Python Programming for Raspberry Pi® In just 24 sessions of one hour or less, Sams Teach Yourself Python Programming for Raspberry Pi in 24 Hours teaches you Python programming on Raspberry Pi, so you",2026-04-06 16:04:27,2026-04-06 16:04:27,197
B120,Python Programming for Beginners,Joe Benton,https://books.google.com/books/content?id=uGCdzAEACAAJ&printsec=frontcover&img=1&zoom=1&fife=w800,125727,Computers,22,"This book explains the basics of Python programming language, how it works, and what kind of programs you can create with it. Through reading this guide, you will gain an understanding of the rules of",2026-04-06 16:04:27,2026-04-06 16:04:27,128
B121,Building Models for Marketing Decisions,P. S. H. Leeflang,https://books.google.com/books/content?id=I_pPZ4FNHSYC&printsec=frontcover&img=1&zoom=1&fife=w800,131074,Business & Economics,50,"With advances in information technology and expertise in modeling, IRI introduced model-based services in the US that explain and predict essential parts of the marketplace. ACNielsen followed, and ma",2026-04-06 16:04:27,2026-04-06 16:04:27,225
B122,Digital Marketing All-In-One For Dummies,Stephanie Diamond,https://books.google.com/books/content?id=MyqdEAAAQBAJ&printsec=frontcover&img=1&zoom=1&fife=w800,112068,Business & Economics,88,"Develop and refine your comprehensive online marketing plan With more than 800 content-packed pages, Digital Marketing All-in-One For Dummies is the most comprehensive tool for marketers looking to be",2026-04-06 16:04:27,2026-04-06 16:04:27,130
B123,Internet Marketing Research: Theory and Practice,"Lee, Ook",https://books.google.com/books/content?id=8tStKrG7Vu8C&printsec=frontcover&img=1&zoom=1&fife=w800,96725,Business & Economics,86,Internet marketing has become an important issue for many businesses around the world which have any form of commercial presence on the net. It is often perceived that doing business on the Internet m,2026-04-06 16:04:27,2026-04-06 16:04:27,214
B124,Services Marketing,Rao,https://books.google.com/books/content?id=azkfIfxM2NgC&printsec=frontcover&img=1&zoom=1&fife=w800,188956,Customer services,55,,2026-04-06 16:04:27,2026-04-06 16:04:27,235
B125,Services Marketing,K. Rama Moahana Rao,https://books.google.com/books/content?id=sIJaWp8CVAMC&printsec=frontcover&img=1&zoom=1&fife=w800,186332,Services industries,78,,2026-04-06 16:04:27,2026-04-06 16:04:27,102
B126,The New Rules of Marketing and PR,David Meerman Scott,https://books.google.com/books/content?id=16hsEAAAQBAJ&printsec=frontcover&img=1&zoom=1&fife=w800,151311,Business & Economics,82,"The new eighth edition of the pioneering guide to generating attention for your idea or business, jam-packed with new and updated techniques As the ways we communicate continue to evolve, keeping pace",2026-04-06 16:04:27,2026-04-06 16:04:27,33
B127,EBOOK: Principles and Practices of Marketing 10/e,JOBBER AND ELLI,https://books.google.com/books/content?id=1mmvEAAAQBAJ&printsec=frontcover&img=1&zoom=1&fife=w800,167378,Business & Economics,37,EBOOK: Principles and Practices of Marketing 10/e,2026-04-06 16:04:27,2026-04-06 16:04:27,90
B128,Marketing,"Gary Armstrong, Philip Kotler",https://books.google.com/books/content?id=CmJaAAAAYAAJ&printsec=frontcover&img=1&zoom=1&fife=w800,194751,Business & Economics,79,"How do we get you moving? By placing you-the customer-in the driver's seat. ""Marketing"" introduces the leading marketing thinking on how ""customer value ""is the driving force behind every marketing st",2026-04-06 16:04:27,2026-04-06 16:04:27,214
B129,Tourism Marketing,DEVASHISH. DASGUPTA,https://books.google.com/books/content?id=oXWAEjcG-FsC&printsec=frontcover&img=1&zoom=1&fife=w800,118261,Hospitality industry,34,,2026-04-06 16:04:27,2026-04-06 16:04:27,68
B130,Transformative Marketing,"V. Kumar, Philip Kotler",https://books.google.com/books/content?id=buIPEQAAQBAJ&printsec=frontcover&img=1&zoom=1&fife=w800,168651,Business & Economics,19,"This book gives an indispensable guide to navigating the shift in customer behavior and discovers how to rally their resources, cultivate capabilities, and forge strategies that harness cutting-edge t",2026-04-06 16:04:27,2026-04-06 16:04:27,263
B131,Principles of Marketing,"Gary Armstrong, Stewart Adam, Sara Denize, Philip Kotler",https://books.google.com/books/content?id=UKyaBQAAQBAJ&printsec=frontcover&img=1&zoom=1&fife=w800,104930,Business & Economics,100,"The 6th edition of Principles of Marketing makes the road to learning and teaching marketing more effective, easier and more enjoyable than ever. Today’s marketing is about creating customer value and",2026-04-06 16:04:27,2026-04-06 16:04:27,214
B132,Problems in Marketing,"Luiz Moutinho, Charles S Chien",https://books.google.com/books/content?id=E68oEEdknIwC&printsec=frontcover&img=1&zoom=1&fife=w800,127068,Business & Economics,98,"Fully revised and updated, Problems in Marketing includes over 50 new problems. This varied and challenging collection of problems has been written as a learning aid to any marketing textbook. The pro",2026-04-06 16:04:27,2026-04-06 16:04:27,275
B133,Marketing Perishable Farm Products,Arthur Barto Adams,https://books.google.com/books/content?id=GsfT8Y352_cC&printsec=frontcover&img=1&zoom=1&fife=w800,151125,Farm produce,15,,2026-04-06 16:04:27,2026-04-06 16:04:27,151
B134,Marketing,Edmund Brown,https://books.google.com/books/content?id=QSNXGIrxxKwC&printsec=frontcover&img=1&zoom=1&fife=w800,111063,Marketing,34,,2026-04-06 16:04:27,2026-04-06 16:04:27,134
B135,Local Cooperative Livestock Marketing Associations in Iowa Since 1920,Dennis Alfred FitzGerald,https://books.google.com/books/content?id=thonAQAAMAAJ&printsec=frontcover&img=1&zoom=1&fife=w800,130419,Agricultural experiment stations,100,,2026-04-06 16:04:27,2026-04-06 16:04:27,228
B136,Marketing Campaign Development,Mike Gospe,https://books.google.com/books/content?id=xFlXcScu-V8C&printsec=frontcover&img=1&zoom=1&fife=w800,119109,Business & Economics,77,"This book is a practical, pragmatic ""how to"" book designed for hi-tech marketing operations, regional, and corporate marketing leaders at every level. This unique book takes you step-by-step through t",2026-04-06 16:04:27,2026-04-06 16:04:27,102
B137,Production and Marketing of Egyptian Cotton,American Commission to Investigate and Study Agricultural Credit and Cooperation,https://books.google.com/books/content?id=IATRO_nJ8dkC&printsec=frontcover&img=1&zoom=1&fife=w800,180724,Cotton growing and manufacture,81,,2026-04-06 16:04:27,2026-04-06 16:04:27,161
B138,Studies in the Marketing of Farm Products,Louis Dwight Harvell Weld,https://books.google.com/books/content?id=ZrEEAAAAMAAJ&printsec=frontcover&img=1&zoom=1&fife=w800,184116,Agriculture,51,,2026-04-06 16:04:27,2026-04-06 16:04:27,22
B139,Marketing,Juan M. Martínez Sánchez,https://books.google.com/books/content?id=YtPnDwAAQBAJ&printsec=frontcover&img=1&zoom=1&fife=w800,86091,Business & Economics,39,Este libro es parte de lacolección e-Libro en BiblioBoard.,2026-04-06 16:04:27,2026-04-06 16:04:27,27
B140,Marketing Live Stock,"American institute of agriculture, Chicago",https://books.google.com/books/content?id=3a0bAQAAMAAJ&printsec=frontcover&img=1&zoom=1&fife=w800,185395,Domestic animals,100,,2026-04-06 16:04:27,2026-04-06 16:04:27,124
B141,Exploring Psychology,David G. Myers,https://books.google.com/books/content?id=3mJ4p9wYfR8C&printsec=frontcover&img=1&zoom=1&fife=w800,127969,Psychology,25,"David Myers's bestselling brief text has opened millions of students' eyes to the world of psychology. Through vivid writing and integrated use of the SQ3R learning system (Survey, Question, Read, Reh",2026-04-06 16:04:27,2026-04-06 16:04:27,208
B142,"Handbook of Adolescent Psychology, Volume 1","Richard M. Lerner, Laurence Steinberg",https://books.google.com/books/content?id=HtdwZDroKxQC&printsec=frontcover&img=1&zoom=1&fife=w800,182554,Psychology,22,"The study of and interest in adolescence in the field of psychology and related fields continues to grow, necessitating an expanded revision of this seminal work. This multidisciplinary handbook, edit",2026-04-06 16:04:27,2026-04-06 16:04:27,199
B143,Elements of human psychology,Howard Crosby Warren,https://books.google.com/books/content?id=8ubFwaQ_48kC&printsec=frontcover&img=1&zoom=1&fife=w800,161464,General,37,,2026-04-06 16:04:27,2026-04-06 16:04:27,31
B144,A Century of Psychology,"Ray Fuller, Patricia Noonan Walsh, Patrick McGinley",https://books.google.com/books/content?id=OMZNLHgKmsoC&printsec=frontcover&img=1&zoom=1&fife=w800,187687,Psychology,66,"Includes a review of the successes & failures of psychology's first century, from top scientists and professionals worldwide.",2026-04-06 16:04:27,2026-04-06 16:04:27,57
B145,Dual-process Theories in Social Psychology,"Shelly Chaiken, Yaacov Trope",https://books.google.com/books/content?id=5X_auIBx99EC&printsec=frontcover&img=1&zoom=1&fife=w800,158210,Psychology,71,This informative volume presents the first comprehensive review of research and theory on dual-process models of social information processing. These models distinguish between qualitatively different,2026-04-06 16:04:27,2026-04-06 16:04:27,75
B146,The American Journal of Psychology,"Granville Stanley Hall, Edward Bradford Titchener, Karl M. Dallenbach, Madison Bentley, Edwin Garrigues Boring, Margaret Floy Washburn",https://books.google.com/books/content?id=-kU5AAAAMAAJ&printsec=frontcover&img=1&zoom=1&fife=w800,198830,Psychology,14,,2026-04-06 16:04:27,2026-04-06 16:04:27,42
B147,The Principles of Psychology,John Bascom,https://books.google.com/books/content?id=CLUAAAAAMAAJ&printsec=frontcover&img=1&zoom=1&fife=w800,167459,Psychology,99,,2026-04-06 16:04:27,2026-04-06 16:04:27,242
B148,Psychology Applied to Education,James Ward,https://books.google.com/books/content?id=vEkAAAAAMAAJ&printsec=frontcover&img=1&zoom=1&fife=w800,105646,Educational psychology,17,,2026-04-06 16:04:27,2026-04-06 16:04:27,97
B149,The Principles of Psychology,William James,https://books.google.com/books/content?id=deOLTt-dD3gC&printsec=frontcover&img=1&zoom=1&fife=w800,149382,Psychology,20,,2026-04-06 16:04:27,2026-04-06 16:04:27,147
B150,An Introduction to Social Psychology,Charles Abram Ellwood,https://books.google.com/books/content?id=qSpWAAAAMAAJ&printsec=frontcover&img=1&zoom=1&fife=w800,132394,Social psychology,40,,2026-04-06 16:04:27,2026-04-06 16:04:27,64
B151,The Groundwork of Psychology,George Frederick Stout,https://books.google.com/books/content?id=7F8wAQAAMAAJ&printsec=frontcover&img=1&zoom=1&fife=w800,145631,Psychology,33,,2026-04-06 16:04:27,2026-04-06 16:04:27,230
B152,Archives of Psychology,Robert Sessions Woodworth,https://books.google.com/books/content?id=xylf39MZ4y4C&printsec=frontcover&img=1&zoom=1&fife=w800,149989,Psychology,20,,2026-04-06 16:04:27,2026-04-06 16:04:27,71
B153,A Study in the Psychology of Ritualism,Frederick Goodrich Henke,https://books.google.com/books/content?id=fh52A_Mx6BwC&printsec=frontcover&img=1&zoom=1&fife=w800,99559,Rites and ceremonies,81,,2026-04-06 16:04:27,2026-04-06 16:04:27,288
B154,Comparative Psychology Monographs,Unknown,https://books.google.com/books/content?id=NAARAQAAIAAJ&printsec=frontcover&img=1&zoom=1&fife=w800,192766,"Psychology, Comparative",31,,2026-04-06 16:04:27,2026-04-06 16:04:27,120
B155,University of Iowa Studies in Psychology,State University of Iowa,https://books.google.com/books/content?id=aIUvAAAAIAAJ&printsec=frontcover&img=1&zoom=1&fife=w800,181829,Psychology,54,,2026-04-06 16:04:27,2026-04-06 16:04:27,62
B156,The Psychology of Advertising,Walter Dill Scott,https://books.google.com/books/content?id=j-0pAAAAYAAJ&printsec=frontcover&img=1&zoom=1&fife=w800,199831,Advertising,12,,2026-04-06 16:04:27,2026-04-06 16:04:27,117
B157,Industrial Psychology Monthly,Donald Anderson Laird,https://books.google.com/books/content?id=EDWYUNn2sAgC&printsec=frontcover&img=1&zoom=1&fife=w800,155384,Personnel management,44,,2026-04-06 16:04:27,2026-04-06 16:04:27,67
B158,The Psychology of the Filipino,Norberto Romuáldez,https://books.google.com/books/content?id=wE4KAQAAIAAJ&printsec=frontcover&img=1&zoom=1&fife=w800,122180,Music,72,,2026-04-06 16:04:27,2026-04-06 16:04:27,234
B159,Plato's Psychology in Its Bearing on the Development of Will,Mary Hay Wood,https://books.google.com/books/content?id=Ab7Feawp5K0C&printsec=frontcover&img=1&zoom=1&fife=w800,169380,Psychology,46,,2026-04-06 16:04:27,2026-04-06 16:04:27,182
B160,The Psychology of Christian Life and Behaviour,William Straton Bruce,https://books.google.com/books/content?id=Jv4FBu71TdsC&printsec=frontcover&img=1&zoom=1&fife=w800,187861,"Psychology, Religious",76,,2026-04-06 16:04:27,2026-04-06 16:04:27,179
B161,A Concise History of Greece,Richard Clogg,https://books.google.com/books/content?id=H5pyUIY4THYC&printsec=frontcover&img=1&zoom=1&fife=w800,130995,History,16,"This book provides a concise, illustrated introduction to the history of modern Greece, with a new final chapter about Greek history and politics to the present day. 56 illustrations. 10 maps.",2026-04-06 16:04:27,2026-04-06 16:04:27,296
B162,"The Early History of the Independent Church at Rothwell, Alias Rowell, in Northamptonshire, from the 3rd Year of the Protectorate to the Death of Queen Anne",Norman GLASS (Pastor.),https://books.google.com/books/content?id=YZH7IpFAPU0C&printsec=frontcover&img=1&zoom=1&fife=w800,160415,General,100,,2026-04-06 16:04:27,2026-04-06 16:04:27,229
B163,"Journal of Researches Into the Natural History and Geology of the Countries Visited During the Voyage of H.M.S. Beagle Round the World, Under the Command of Capt. Fitz Roy, R.N.",Charles Darwin,https://books.google.com/books/content?id=UuERRuw9yQUC&printsec=frontcover&img=1&zoom=1&fife=w800,88165,Australia,46,,2026-04-06 16:04:27,2026-04-06 16:04:27,153
B164,A Short Social and Political History of Britain,Robert Laird Mackie,https://books.google.com/books/content?id=vrp0bEaflDQC&printsec=frontcover&img=1&zoom=1&fife=w800,101304,Great Britain,78,,2026-04-06 16:04:27,2026-04-06 16:04:27,192
B165,Lectures on the History & Objects of Co-operation,Hughes,https://books.google.com/books/content?id=ZwteuqjoD5sC&printsec=frontcover&img=1&zoom=1&fife=w800,81708,General,19,,2026-04-06 16:04:27,2026-04-06 16:04:27,20
B166,"History of the United States of America, Under the Constitution",James Schouler,https://books.google.com/books/content?id=KuwoZKE2G94C&printsec=frontcover&img=1&zoom=1&fife=w800,164899,General,71,,2026-04-06 16:04:27,2026-04-06 16:04:27,182
B167,"Old and New London: a Narrative of Its History, Its People and Its Places",George Walter Thornbury,https://books.google.com/books/content?id=Nyn-i6j3wZQC&printsec=frontcover&img=1&zoom=1&fife=w800,183863,General,84,,2026-04-06 16:04:27,2026-04-06 16:04:27,259
B168,"Manual of the Congregational Church and History of the Church and Parish in Hadlyme, Connecticut","Hadlyme Congregational Church (Hadlyme, Conn.), Clarence C. Lyon",https://books.google.com/books/content?id=AYA4IHdEnDIC&printsec=frontcover&img=1&zoom=1&fife=w800,101546,Hadlyme (Conn.),82,,2026-04-06 16:04:27,2026-04-06 16:04:27,159
B169,History and cartulary of the Greek monastery of St. Elias and St. Anastasius of Carbone,Gertrude Robinson,https://books.google.com/books/content?id=on6mD75kOskC&printsec=frontcover&img=1&zoom=1&fife=w800,197668,General,14,,2026-04-06 16:04:27,2026-04-06 16:04:27,42
B170,"Chronology of the Most Important Events Connected with Florida History During Four Hundred and Fifteen Years, 1513 to 1928",Robert Ranson,https://books.google.com/books/content?id=IZaEiNcV_1cC&printsec=frontcover&img=1&zoom=1&fife=w800,93071,Florida,21,,2026-04-06 16:04:27,2026-04-06 16:04:27,260
B171,"The Province of Ontario--a History, 1615-1927","Jesse Edgar Middleton, Fred Landon",https://books.google.com/books/content?id=b9xtTRT79foC&printsec=frontcover&img=1&zoom=1&fife=w800,131743,Ontario,38,V. 3-5 biographical.,2026-04-06 16:04:27,2026-04-06 16:04:27,298
B172,"Merlin ; Or, the Early History of King Arthur",Henry Benjamin Wheatley,https://books.google.com/books/content?id=roOLfgWbIccC&printsec=frontcover&img=1&zoom=1&fife=w800,116104,Arthurian romances,66,,2026-04-06 16:04:27,2026-04-06 16:04:27,110
B173,The American College and University,Frederick Rudolph,https://books.google.com/books/content?id=GJvHAgAAQBAJ&printsec=frontcover&img=1&zoom=1&fife=w800,101079,Education,77,"First published in 1962, Frederick Rudolph's groundbreaking study, The American College and University, remains one of the most useful and significant works on the history of higher education in Ameri",2026-04-06 16:04:27,2026-04-06 16:04:27,206
B174,Original Sanskrit Texts on the Origin and History of the People of India,"John Muir, Trübner & Co (Londres)",https://books.google.com/books/content?id=u2XhbK-ECAMC&printsec=frontcover&img=1&zoom=1&fife=w800,86688,General,56,,2026-04-06 16:04:27,2026-04-06 16:04:27,286
B175,The History of Sicily from the Earliest Times,Freeman,https://books.google.com/books/content?id=qNw-YfKzmkwC&printsec=frontcover&img=1&zoom=1&fife=w800,198040,General,17,,2026-04-06 16:04:27,2026-04-06 16:04:27,34
B176,A History of France,George William Kitchin,https://books.google.com/books/content?id=kukhm8z9WjgC&printsec=frontcover&img=1&zoom=1&fife=w800,140885,France,49,,2026-04-06 16:04:27,2026-04-06 16:04:27,92
B177,A Guide to the Study and Use of Military History,"John E. Jessup (Jr.), John E. Jessup, Robert W. Coakley",https://books.google.com/books/content?id=ZUh2_a6aJKgC&printsec=frontcover&img=1&zoom=1&fife=w800,182039,Electronic government information,10,This Guide to the Study and Use of Military History is designed to foster an appreciation of the value of military history and explain its uses and the resources available for its study. It is not a w,2026-04-06 16:04:27,2026-04-06 16:04:27,288
B178,"History, By-laws, Members Etc","Montclair dramatic club, Montclair, N.J.",https://books.google.com/books/content?id=nhGHbK9xg3YC&printsec=frontcover&img=1&zoom=1&fife=w800,121912,General,93,,2026-04-06 16:04:27,2026-04-06 16:04:27,23
B179,"A Century of Continental History, 1780-1880",John Holland Rose,https://books.google.com/books/content?id=8uOQD-z5vJYC&printsec=frontcover&img=1&zoom=1&fife=w800,147960,Europe,46,,2026-04-06 16:04:27,2026-04-06 16:04:27,168
B180,Dictionary Catalogue of the Illinois State Library,Illinois State Library,https://books.google.com/books/content?id=aqzBXni4jvEC&printsec=frontcover&img=1&zoom=1&fife=w800,149106,"Catalogs, Dictionary",63,,2026-04-06 16:04:27,2026-04-06 16:04:27,152
B181,Subject Index of the Modern Books Acquired by the British Museum in the Years 1916-1920,British Museum. Department of Printed Books,https://books.google.com/books/content?id=PDR_ahkTf44C&printsec=frontcover&img=1&zoom=1&fife=w800,115912,Best books,49,,2026-04-06 16:04:27,2026-04-06 16:04:27,283
B182,Gas Journal,Unknown,https://books.google.com/books/content?id=RAMigTasKQ8C&printsec=frontcover&img=1&zoom=1&fife=w800,184413,Gas manufacture and works,46,,2026-04-06 16:04:27,2026-04-06 16:04:27,80
B183,Catalogue ...,Illinois State University,https://books.google.com/books/content?id=WdwZN01Nk5kC&printsec=frontcover&img=1&zoom=1&fife=w800,145765,College catalogs,53,,2026-04-06 16:04:27,2026-04-06 16:04:27,150
B184,Catalog Number,Arkansas State Normal School,https://books.google.com/books/content?id=OF3Dk3ka_kMC&printsec=frontcover&img=1&zoom=1&fife=w800,108373,General,94,,2026-04-06 16:04:27,2026-04-06 16:04:27,130
B185,Sciences Pertaining to Civil Engineering,International library of technology,https://books.google.com/books/content?id=9h4ouWprrrwC&printsec=frontcover&img=1&zoom=1&fife=w800,186154,General,56,,2026-04-06 16:04:27,2026-04-06 16:04:27,247
B186,The Practical Application of Sociology,Herbert Newhard Shenton,https://books.google.com/books/content?id=p2UDAAAAMAAJ&printsec=frontcover&img=1&zoom=1&fife=w800,123561,Social Science,33,"Hopes to hasten the development of applied sociology by making clear distinctions between general sociology, social arts, social work, and social economy. Also looks at observational sociology when me",2026-04-06 16:04:27,2026-04-06 16:04:27,134
B187,Science,John Michels (Journalist),https://books.google.com/books/content?id=PeksR_G-9_MC&printsec=frontcover&img=1&zoom=1&fife=w800,185586,Science,98,,2026-04-06 16:04:27,2026-04-06 16:04:27,145
B188,"Lectures on Science, Philosophy and Art, 1907-1908",Columbia University,https://books.google.com/books/content?id=I2EcAAAAMAAJ&printsec=frontcover&img=1&zoom=1&fife=w800,170127,Art,41,,2026-04-06 16:04:27,2026-04-06 16:04:27,162
B189,Macmillan's Magazine,Unknown,https://books.google.com/books/content?id=Rbqhkz7jrl8C&printsec=frontcover&img=1&zoom=1&fife=w800,159034,English periodicals,69,,2026-04-06 16:04:27,2026-04-06 16:04:27,216
B190,Political Science,Unknown,https://books.google.com/books/content?id=mefi4wg3P40C&printsec=frontcover&img=1&zoom=1&fife=w800,143725,Electronic journals,35,,2026-04-06 16:04:27,2026-04-06 16:04:27,173
B191,"Engineering Society of Detroit v. City of Detroit, 308 MICH 539 (1944)",Unknown,https://books.google.com/books/content?id=aYVLvUF22voC&printsec=frontcover&img=1&zoom=1&fife=w800,182216,General,43,63,2026-04-06 16:04:27,2026-04-06 16:04:27,167
B192,Columbia Alumni News,Unknown,https://books.google.com/books/content?id=LfL7FkdgD3gC&printsec=frontcover&img=1&zoom=1&fife=w800,146197,General,60,,2026-04-06 16:04:27,2026-04-06 16:04:27,267
B193,Classified Catalogue,Carnegie Library of Pittsburgh,https://books.google.com/books/content?id=6xflwS78gQAC&printsec=frontcover&img=1&zoom=1&fife=w800,85091,General,21,,2026-04-06 16:04:27,2026-04-06 16:04:27,87
B194,Annals of the New York Academy of Sciences,New York Academy of Sciences,https://books.google.com/books/content?id=ZG4bAAAAMAAJ&printsec=frontcover&img=1&zoom=1&fife=w800,114324,Science,67,Records of meetings 1808-1916 in v. 11-27.,2026-04-06 16:04:27,2026-04-06 16:04:27,213
B195,Boston Studies in the Philosophy of Science,Unknown,https://books.google.com/books/content?id=_p5pFGZm2f8C&printsec=frontcover&img=1&zoom=1&fife=w800,159948,Science,11,,2026-04-06 16:04:27,2026-04-06 16:04:27,113
B196,Machinery Market,Unknown,https://books.google.com/books/content?id=1_itb6RErAkC&printsec=frontcover&img=1&zoom=1&fife=w800,123016,Machine-tools,81,,2026-04-06 16:04:27,2026-04-06 16:04:27,203
B197,How to Teach General Science,Joseph Otto Frank,https://books.google.com/books/content?id=hIs-rKNyoLsC&printsec=frontcover&img=1&zoom=1&fife=w800,125637,Science,83,,2026-04-06 16:04:27,2026-04-06 16:04:27,52
B198,"A List of Periodicals, Newspapers, Transactions and Other Serial Publications Currently Received in the Principal Libraries of Boston and Vicinity",Boston Public Library,https://books.google.com/books/content?id=gs0ZAAAAMAAJ&printsec=frontcover&img=1&zoom=1&fife=w800,126711,Boston (Mass.),83,,2026-04-06 16:04:27,2026-04-06 16:04:27,86
B199,Transactions and Proceedings,National Association of State Universities,https://books.google.com/books/content?id=TNaNDtP5EgMC&printsec=frontcover&img=1&zoom=1&fife=w800,183748,Universities and colleges,21,No. 1 includes proceedings of the 6th-7th meetings held 1901 and 1903; no. 2- contains proceedings of the 8th- meetings held 1904-,2026-04-06 16:04:27,2026-04-06 16:04:27,95
B200,The Keystone,Unknown,https://books.google.com/books/content?id=VD-VRsrEjKgC&printsec=frontcover&img=1&zoom=1&fife=w800,157413,General,82,,2026-04-06 16:04:27,2026-04-06 16:04:27,267
